<?xml version="1.0" encoding="UTF-8" standalone="yes"?>
<rasterDisplayProperties schemaVersion="0.0" type="Classify" colorRamp="Precipitation NWS Radar" method="Precipitation NWS Radar" min="0.01" max="50.0" transparency="0.5" isHillShaded="false" isInverted="false">
    <displayRangeList color="-16670732" min="-INF" max="0.01" label="&lt;=0.01"/>
    <displayRangeList color="-16580364" min="0.01" max="0.02" label="&lt;=0.02"/>
    <displayRangeList color="-16581374" min="0.02" max="0.05" label="&lt;=0.05"/>
    <displayRangeList color="-16661247" min="0.05" max="0.1" label="&lt;=0.1"/>
    <displayRangeList color="-16740864" min="0.1" max="0.2" label="&lt;=0.2"/>
    <displayRangeList color="-133118" min="0.2" max="0.5" label="&lt;=0.5"/>
    <displayRangeList color="-1721344" min="0.5" max="1.0" label="&lt;=1.0"/>
    <displayRangeList color="-158464" min="1.0" max="2.0" label="&lt;=2.0"/>
    <displayRangeList color="-196608" min="2.0" max="5.0" label="&lt;=5.0"/>
    <displayRangeList color="-2883584" min="5.0" max="10.0" label="&lt;=10.0"/>
    <displayRangeList color="-4456448" min="10.0" max="20.0" label="&lt;=20.0"/>
    <displayRangeList color="-524035" min="20.0" max="50.0" label="&lt;=50.0"/>
</rasterDisplayProperties>
